{
    "rmse": 0.6891247430856642,
    "mae": 0.5260052377290014,
    "r2": 0.25820439275940676
}