{
    "rmse": 0.6762522551233676,
    "mae": 0.5303610176332134,
    "r2": 0.2782171343081583
}