{
    "rmse": 0.7255175023825692,
    "mae": 0.5673405961117914,
    "r2": 0.26251452812940057
}