{
    "rmse": 0.7003908666652059,
    "mae": 0.5427450559115866,
    "r2": 0.21649534736924236
}